"","Object_ID","X_COORD","Y_COORD","NO2conc","HEAVYTRAFMAJOR","DISTINVMAJOR1","DISTINVMAJOR2","INTMAJORINVDIST","INTMAJORINVDIST2","TRAFMAJOR","TRAFNEAR","DISTINVNEAR1","DISTINVNEAR2","INTINVDIST","INTINVDIST2","HEAVYTRAFNEAR","TRAFMAJORLOAD_1000","TRAFMAJORLOAD_500","TRAFMAJORLOAD_300","TRAFMAJORLOAD_100","TRAFMAJORLOAD_50","TRAFMAJORLOAD_25","HEAVYTRAFMAJORLOAD_1000","HEAVYTRAFMAJORLOAD_500","HEAVYTRAFMAJORLOAD_300","HEAVYTRAFMAJORLOAD_100","HEAVYTRAFMAJORLOAD_50","HEAVYTRAFMAJORLOAD_25","MAJORROADLENGTH_1000","MAJORROADLENGTH_500","MAJORROADLENGTH_300","MAJORROADLENGTH_100","MAJORROADLENGTH_50","MAJORROADLENGTH_25","HEAVYTRAFLOAD_1000","HEAVYTRAFLOAD_500","HEAVYTRAFLOAD_300","HEAVYTRAFLOAD_100","HEAVYTRAFLOAD_50","HEAVYTRAFLOAD_25","ROADLENGTH_1000","ROADLENGTH_500","ROADLENGTH_300","ROADLENGTH_100","ROADLENGTH_50","ROADLENGTH_25","TRAFLOAD_1000","TRAFLOAD_500","TRAFLOAD_300","TRAFLOAD_100","TRAFLOAD_50","TRAFLOAD_25","HDRES_5000","HDRES_1000","HDRES_500","HDRES_300","HDRES_100","LDRES_5000","LDRES_1000","LDRES_500","LDRES_300","LDRES_100","INDUSTRY_5000","INDUSTRY_1000","INDUSTRY_500","INDUSTRY_300","INDUSTRY_100","PORT_5000","PORT_1000","PORT_500","PORT_300","PORT_100","URBGREEN_5000","URBGREEN_1000","URBGREEN_500","URBGREEN_300","URBGREEN_100","NATURAL_5000","NATURAL_1000","NATURAL_500","NATURAL_300","NATURAL_100","POP_5000","POP_1000","POP_500","POP_300","POP_100","HHOLD_5000","HHOLD_1000","HHOLD_500","HHOLD_300","HHOLD_100"
"0",1,415833,431368,52.95,745.5,0.074787584084846,0.00559318273324792,1262.33963176812,94.4073313544916,16879,2062.797849,0.192778028529157,0.0371633682835886,397.662102584406,76.6605161569813,64.8479,132102516.926975,40819319.9374943,22844323.2482272,8350636.11110112,4322910.54080429,972634.151353456,5594919.49505126,1743140.68467831,1008972.27214606,368825.121205396,190931.323429682,42958.6326105813,8881.7904157106,2809.95012777455,1353.41686404569,494.735239712135,256.111768517346,57.6239203361251,7444758.37969228,2323330.05624149,1237758.77998502,403428.728214932,200231.421879394,46887.8379893675,52263.7420399981,17024.4759275205,6712.51414803379,1161.51062102438,415.597240303851,127.612207667111,196016551.887709,61025842.476442,30730569.8857547,9495629.93182496,4624086.51521962,1100744.76058313,622587.507831873,0,0,0,0,46111062.1160322,2926421.56357524,772542.485946437,278115.294937413,30901.6994383975,3591660.82870363,0,0,0,0,0,0,0,0,0,27040112.2474174,163748.38017236,0,0,0,807264.448241052,0,0,0,0,244051,19750,7172,2671,214,87734,7007,2320,741,72
"1",3,415319,432278,37.93,159,0.144137045995292,0.020775488028249,1122.39517716534,161.778725275975,7787,7787,0.144137045995292,0.020775488028249,1122.39517716534,161.778725275975,159,96127036.6316622,18482706.1370933,7138671.67371053,1540431.78214411,766003.351928039,369542.036906135,3506035.2061318,536461.857323705,166582.930112113,31453.5319585095,15640.7516317655,7545.54820445299,9604.94683840207,2394.7061415415,999.588225251556,197.820955713896,98.3695071180223,47.4562780154276,5129144.53240373,865305.78641334,294110.22912236,36745.5699427514,15931.3203818455,7545.54820445299,47407.8168699441,10255.7625939693,4311.53957478162,424.065827785081,110.004124430881,47.4562780154276,153097999.755783,29870508.1966075,11642463.3442267,1756844.41908204,777624.051988062,369542.036906135,622587.507831873,0,0,0,0,49632881.7428868,2805467.15842884,704346.732270563,278115.294937413,30901.6994383975,3845941.52929318,25516.1538710064,0,0,0,0,0,0,0,0,31536660.4592044,259186.631446972,68195.7536759894,0,0,567230.793840548,0,0,0,0,263020,19767,5842,2214,587,95428,5621,1226,381,99
"2",4,415268,432962,37.78,239.512,0.0115868393180965,0.000134254845383386,91.4044490709579,1.05908866434432,7888.64387963,1785.79299104,0.122258741844428,0.0149471999573826,218.328804279149,26.6926049195672,54.4671,114458735.788378,17262179.0899148,7086745.22623216,817038.450785332,0,0,3923943.26686602,540114.427175879,214714.439953372,24794.198833141,0,0,11930.6997013692,2508.48696628919,923.054145392747,104.252585896189,0,0,5610226.31621626,908833.466275359,387411.254433048,45440.9810828097,8369.8567970905,3436.8604288232,48350.7088766357,9387.0522163566,4143.34612739451,540.020515222196,188.930545696704,73.850681673911,173540986.789151,29396759.405585,12765391.1632859,1512822.68762053,286139.886349739,116256.455534215,622587.507831873,214761.453242833,1860.9329298569,0,0,52115555.7162513,2564849.73009301,689051.730044577,278115.294937413,30901.6994383975,3427601.00889882,306266.384927824,81629.8229714931,0,0,0,0,0,0,0,36537215.4546014,4292.37548409829,0,0,0,643798.934595801,0,0,0,0,274342,15815,2058,805,NA,99890,3879,344,96,NA
"3",5,414278,432387,36.28,209.299,0.00488600257320631,0.0000238730211453787,34.02603645864,0.166251301692927,6963.98250898,1124.27073777,0.173925433066042,0.0302500562672102,195.539274950126,34.0092530771204,29.6764,78090172.6362161,18599970.1944717,3531712.31351216,0,0,0,2856711.33284248,675616.111619867,106235.274924061,0,0,0,7674.3261532458,2031.48228431498,502.127391032334,0,0,0,4010103.85997473,1077824.87395339,261151.204024213,22616.1062906881,7790.45151819083,1515.77104724003,37899.5861442955,11780.6959528269,4564.52071466638,759.557342334918,261.984605266952,58.6221915636187,119321910.62804,32932759.6056033,9167067.67923983,855953.687933328,294960.184690638,59931.9198862328,622587.507831873,0,0,0,0,47064711.9001046,2647981.98705774,772542.485946437,278115.294937413,30901.6994383975,3333935.31307459,213484.880088795,0,0,0,0,0,0,0,0,32257655.6096625,132334.767603497,0,0,0,898315.718506458,0,0,0,0,249906,17524,7432,4012,758,90268,5291,1997,976,217
"4",6,414713,434100,52.73,409,0.12513633959517,0.0156591034872777,2000.1792520892,250.295110140647,15984,15984,0.12513633959517,0.0156591034872777,2000.1792520892,250.295110140647,409,96697835.2196418,33971426.1956874,17931032.389073,3159034.36052896,1559377.75698011,754465.549655316,3105856.91194202,1017612.85159249,529523.987682843,80833.6494905121,39901.4954082123,19305.330944008,9081.97855509396,3086.86772144475,1482.86995480228,197.637284817878,97.5586684797367,47.2012981516089,4748165.75068123,1391950.46276751,677290.881747933,101248.153888127,45359.4071372231,20789.6864905026,49258.3749156136,13095.3840533272,5539.23594094194,711.782794745971,243.893152064382,78.0117526243313,155041923.737855,47390662.0551754,23269158.6253997,3874671.36478658,1753656.56891019,804315.258857976,622587.507831873,0,0,0,0,51663584.005066,2552559.65124614,772542.485946437,278115.294937413,30901.6994383975,2409912.53664154,434811.722286229,0,0,0,0,0,0,0,0,33216832.3432661,0,0,0,0,1214948.47979496,0,0,0,0,273655,25130,7279,3322,564,100460,6832,2004,892,146
"5",7,415255,434228,36.01,325,0.00674641295904952,0.0000455140878140313,125.395577669853,0.8459703501994,18587,673.830780284,0.156815994037645,0.0245912559860148,105.667443623398,16.5703452092199,12.7961,117912306.912008,38465177.9303573,9364292.25148756,0,0,0,4078940.72912954,1222751.24016417,206040.649693785,0,0,0,9952.41661721884,2727.86344704073,549.55082567271,0,0,0,5690588.82846253,1639887.6819927,366784.812981823,15239.2932930486,2356.01493175179,614.68497156652,47354.1944925074,14018.4552721322,5364.89541685734,566.964950921912,119.14981162292,48.0368996464954,174870119.782066,53417114.2025125,15254144.9116935,595095.586550801,102471.145441628,32368.7415712222,622587.507831873,47622.7382534606,0,0,0,53330885.2705015,2580263.7687879,765498.76443045,278115.294937413,30901.6994383975,2532240.40265753,402197.443009894,7043.721515983,0,0,0,0,0,0,0,40823369.3441203,30429.7154227948,0,0,0,1604362.57164275,0,0,0,0,281057,19219,6547,2590,736,103478,5459,1803,685,182
"6",8,415851,434011,50.65,325,0.00674641295904952,0.0000455140878140313,125.395577669853,0.8459703501994,18587,16907,0.112099190444139,0.0125662284982313,1895.26101283906,212.457225219597,948,213030380.693887,31402562.6888914,12780895.4378047,3346330.4213429,1672277.2932624,790011.670500425,7699917.00758896,1388928.07700454,646277.056149429,187633.59788449,93767.0121259099,44297.0996412375,16632.4275384916,2912.72508429818,946.976810196465,197.925736165074,98.9103503437868,46.7268983557358,9599626.49306831,1853307.74890836,833617.825329162,209117.00165078,96556.3246033544,45632.4608183337,53333.9291906006,12401.6159215772,5003.0520428401,562.681566517026,156.473220311356,74.2846648012325,277253805.491939,47404826.3708885,19128097.9799444,4040836.49582195,1765840.71738298,834804.416088136,622587.507831873,306571.012768224,3863.48598841864,0,0,54288334.4881277,2277777.98876835,602550.795548478,222649.431704144,30901.6994383975,2756863.72538631,451447.272445217,166128.204409013,55465.8632333738,0,0,0,0,0,0,54936280.1127893,54373.6697649025,0,0,0,1388968.72600383,0,0,0,0,285099,10558,2951,1794,15,105134,3231,765,343,3
"7",9,414662,435594,29.71,948,0.112099190444139,0.0125662284982313,1895.26101283906,212.457225219597,16907,1470.38852928,0.0666171338657378,0.00443784252448563,97.9530694896911,6.52535274275467,42.6472,80001008.8563734,16824480.6956647,977271.382484142,0,0,0,3154320.81643217,615068.001278935,29010.3695457787,0,0,0,4265.71059343382,892.123044060733,160.113154581953,0,0,0,4396522.79418559,981290.258622757,157046.428425924,8159.94708181551,3923.50268306653,1648.47942662865,32179.9830211882,8544.30643505976,2638.79124162501,191.336056805969,91.9990687094704,38.6538723908873,124246826.205928,29803123.7118157,5466328.2364274,281338.343165163,135274.375334848,56836.2105758136,622587.507831873,0,0,0,0,47520553.1817425,1954955.36204358,526024.965531777,203816.207138351,30901.6994383975,1965280.61161964,7.82585461189932,0,0,0,0,0,0,0,0,26252630.3695227,413819.774445153,191487.948299793,74299.0877992595,0,3557791.20826708,0,0,0,0,254686,12156,2239,569,100,93550,3759,723,139,24
"8",10,413135,435529,30.46,218.86,0.00798317212512275,0.000063731037179337,57.930701638219,0.462470762507033,7256.60185328,7754.48142149,0.0727270700119502,0.0052892267125231,563.96071324707,41.015210276309,273.941,33856922.9781553,17798353.9615513,10241591.1137637,2290165.99939428,736240.923962775,318548.404225915,1123664.78019404,599926.115199761,348141.894995468,79050.4088265884,26009.0345167831,11253.2951797677,3781.53394767891,1757.03816947047,962.149345530476,246.673671490203,94.9439277683264,41.0792658994735,2053838.28671143,770334.519563939,423907.300737128,83522.4239439264,26009.0345167831,11253.2951797677,28391.2213448776,6518.31019923281,3123.56237063528,359.398073581161,94.9439277683264,41.0792658994735,67100636.9050873,24078076.9314487,13098552.2745372,2446965.49186668,736240.923962775,318548.404225915,614142.25272136,0,0,0,0,40547609.8776478,1606221.43604945,499349.068094957,195779.458655171,27399.0330420764,1965280.61161964,292809.037362688,70506.8476337971,647.605642532451,0,0,0,0,0,0,22725401.1921204,0,0,0,0,2973838.99504064,59064.3968177268,0,0,0,214117,9303,2444,982,105,79766,3245,941,355,38
"9",11,410411,435309,26.57,273.941,0.0727270700119502,0.0052892267125231,563.96071324707,41.015210276309,7754.48142149,3685.55865224,0.243129727882626,0.0591120645802799,896.06887221457,217.86098106562,97.7873,23113978.2436796,3085500.62328369,432245.936145653,0,0,0,780711.036811764,107622.995321518,15075.0289246992,0,0,0,2937.55867891311,361.727214106636,50.6265894861427,0,0,0,1317729.83808236,287280.011255214,131385.639691038,19467.5285323775,9652.78724119903,4764.56662574262,14908.8555192908,2339.78430259998,1067.1314965432,199.080335916601,98.7120744841,48.7237772772397,41939114.4159131,8733146.96971834,4098326.35255185,733722.254528275,363809.140195434,179574.338913945,0,0,0,0,0,23660314.8523437,651423.964611408,14502.8765906046,0,0,991114.198371472,0,0,0,0,0,0,0,0,0,10381205.2526871,0,0,0,0,5850170.02914656,0,0,0,0,127350,2853,160,69,NA,47618,1167,57,27,NA
"10",12,413373,434829,32.11,297.769,0.00387902211379036,0.0000150468125592746,33.1187931465133,0.128468530997374,8537.9232639,1879.02116969,0.138850877687004,0.0192795662344514,260.903738603918,36.2267130969748,57.9608,45925440.8290324,12559425.1224261,0,0,0,0,1494770.46487803,407802.784372878,0,0,0,0,5819.02856905905,1506.07854984506,0,0,0,0,2866966.43752977,709690.80891464,151634.745311861,18332.097428339,5969.47020641957,2742.846957681,38875.3231661643,9623.05755572627,4030.28334268794,399.008244229086,104.648522865377,47.3224482353763,95468956.5841325,23517123.2283766,5359627.21932185,621800.398209569,194073.977756276,88919.8820358313,622587.507831873,0,0,0,0,43057196.7423268,2264507.11491805,632208.193347883,230717.419789439,30901.6994383975,1965280.61161964,292680.250051558,140334.292598687,47397.875147971,0,0,0,0,0,0,26295327.1318561,0,0,0,0,2432211.70318046,0,0,0,0,231999,16583,3602,1643,317,85452,4973,1038,517,85
"11",13,412643,434233,43.04,193.875,0.00309148535387618,0.00000955728169323092,20.069703164476,0.0620451933896201,6491.92891673,7839.91663239,0.108342186142635,0.0117380292981655,849.393707129141,92.0251711261687,237.92,24139608.4608885,10051820.012829,5611139.17261164,2106294.26286533,778572.137035143,364448.309440653,723613.522298299,298449.774289316,167032.594000606,63049.3156787356,23627.5322212108,11060.0081413987,4083.81275287187,1643.53866606777,893.809512735278,316.387757532057,99.3087265518275,46.4862480724557,1829285.00971231,547886.687789385,263229.911660841,65897.0245935684,23627.5322212108,11060.0081413987,34903.2502142484,8748.80869584627,3397.28026552516,470.774952623054,99.3087265518275,46.4862480724557,65158365.5000094,19504072.8886565,9241800.6156469,2233597.92763561,778572.137035143,364448.309440653,619775.430291515,0,0,0,0,38399086.3231481,2362153.38686446,692261.125800303,257647.427619131,30901.6994383975,1875190.32789185,225214.779927872,0,0,0,0,0,0,0,0,22252386.8913452,0,0,0,0,2145610.2348965,0,0,0,0,209448,10806,2645,957,67,77178,4110,992,346,21
"12",14,411569,433499,29.79,237.92,0.108342186142635,0.0117380292981655,849.393707129141,92.0251711261687,7839.91663239,2013.93785751,0.0828939615883714,0.00687140886781439,166.943287401801,13.8385904533213,63.0168,28858576.5460301,2443204.01321989,0,0,0,0,921422.1707171,73490.4984750117,0,0,0,0,3969.79993954872,347.472196417489,0,0,0,0,1872679.41405004,373491.917452762,149817.371970908,24862.8139951634,8053.50634242017,4052.0878123526,31548.8435784349,9135.67560541307,4653.18024976507,614.960255707752,155.371112217517,75.7026696414293,63437966.0882934,13461812.1586361,5544378.06332159,867845.04439486,266544.008633274,133288.97192081,318187.72226957,0,0,0,0,32262175.1988766,1860996.98095204,498114.382719513,248747.61969024,30901.6994383975,1646017.83709624,0,0,0,0,0,0,0,0,0,12688188.0075079,0,0,0,0,2129523.13820785,0,0,0,0,181605,8497,2027,1148,88,65664,3555,888,549,59
"13",15,412277,432084,41.13,211.631,0.00267712723007225,0.00000716701020599431,18.8345645428495,0.0504225256042156,7035.36400186,6145.21709346,0.075199358264162,0.00565494348334179,462.116381822151,34.7508553563822,182.546,9177252.72807078,2763906.7113601,1918452.45234403,1190341.39971517,587654.790674064,257444.337288563,291207.888724574,82462.4414367016,57326.2891516202,35371.4571218919,17457.2170591039,7647.48149332147,1337.79224248867,430.060000586493,293.664570540799,193.046913152614,95.5890356221183,41.89344873797,1261070.0093595,447539.453419142,172828.70335328,46429.1942746129,20584.1731924999,8348.92533888388,28170.3354373894,9553.80762582523,2976.22809450861,497.570242882752,187.965878558483,62.6155712065788,43850225.2287497,15757208.861883,6086252.08887069,1588985.05982827,701799.264126228,283049.409759161,473530.547788705,0,0,0,0,34945956.4952447,1804097.79900051,649570.671354589,246113.679995374,30901.6994383975,1728862.53950427,0,0,0,0,0,0,0,0,0,17780256.6122842,0,0,0,0,827750.542951164,0,0,0,0,187680,8755,2950,931,52,67753,3365,1215,432,25
"14",16,412413,431258,28.79,182.546,0.075199358264162,0.00565494348334179,462.116381822151,34.7508553563822,6145.21709346,830.592780412,0.509141038964636,0.259224597557989,422.888871175492,215.310079236872,29.0184,44513562.2864891,0,0,0,0,0,1646758.07246944,0,0,0,0,0,4236.43706992389,0,0,0,0,0,3010922.78679574,201596.747632173,53756.1225075228,6132.00869884065,2967.29407745202,1454.43998442486,41321.3128975392,6275.05241594904,1822.13884831191,211.314500414932,102.255606010394,50.1213018093646,93187373.4720089,7254830.55486925,1866374.20143808,175516.298441011,84932.7681088873,41630.3914277091,415313.491477459,0,0,0,0,34797580.3695975,2298317.4024285,345754.730317033,100222.307437624,2559.09084527214,1850329.73619653,0,0,0,0,0,0,0,0,0,15838262.182381,0,0,0,0,1008092.83022197,0,0,0,0,188629,11710,2075,778,511,68370,4646,641,118,3
"15",18,414193,430445,29.93,588,0.00185208689795564,0.00000343022587757895,26.8256266299895,0.0496833916108535,14484,1232.69908535,0.132159404582282,0.0174661082195432,162.912777148979,21.530455626855,33.7398,58129715.324934,22356218.6435054,9455386.2391779,211426.431697017,0,0,1979040.69213532,709958.068294013,302616.274984636,6210.92298734844,0,0,6124.78519565763,2632.9318132205,1037.70060901418,38.2170664444239,0,0,3680294.09578017,1087296.47788109,449376.386791693,17846.8039849195,3318.6473681334,1587.11231913755,48473.9952557988,13153.8128544273,5443.04226547347,429.423926674619,98.3600189726495,47.0397666594807,118018890.351239,35986306.9361048,14835808.9001791,651949.601346594,121248.305422594,57985.8773362193,622587.507831873,0,0,0,0,40714631.3440984,2816840.7144758,694430.689965719,277679.674190592,30901.6994383975,3366260.44488228,0,0,0,0,0,0,0,0,0,18106825.4429495,273329.229271247,78111.7959809674,435.620746979233,0,826098.496122696,0,0,0,0,211865,16206,4351,1910,196,76934,6689,1758,780,69
"16",20,411871,429338,28.9,162.517,0.0102381426684433,0.000104819565299399,56.639982420989,0.579888220764205,5532.25172331,2696.01344963,0.112312831511746,0.0126141721221859,302.796904321696,34.0079776973611,73.5291,19856966.1851119,1443009.79687727,336923.211059798,0,0,0,755121.720223589,42282.1358647553,9804.83111392965,0,0,0,1590.01214531465,266.759918694243,65.9818108730856,0,0,0,1138020.40200837,134789.923525059,62542.8138346134,16529.5764201186,7686.05105569706,3487.32128270864,12967.2099729991,2892.61152092263,1325.22843287792,387.814913488742,168.095057481501,60.0115767982079,33587580.1632237,4802503.88667089,2185277.26025942,580479.659128056,271035.03171362,125231.345159461,0,0,0,0,0,31961913.2578701,682598.216894572,38850.8063685642,2850.39186964312,0,1214851.14447428,0,0,0,0,0,0,0,0,0,7564597.93837572,0,0,0,0,2180360.14190949,0,0,0,0,166914,2309,283,21,NA,64954,952,122,7,NA
"17",21,417555,431970,63.75,148.599,0.00432378590528477,0.0000186951245547392,22.0785669848578,0.0954629967380139,5106.30439816,17830,0.083874032091205,0.00703485325923649,1495.47399218619,125.431433612187,1239.5,116562937.765422,37397992.7053417,23198840.5304557,6953776.82410091,3259210.05031725,899631.071933497,6399234.84631406,2599821.19788396,1612729.26738642,483410.340632253,226572.678483917,62540.2531498356,7052.52469739137,2097.47575464619,1301.1127611024,390.004308698873,182.793609103603,50.4560331987379,7452146.79516164,3003968.94457419,1791929.58611881,494418.720097757,228333.783217051,62540.2531498356,28601.987403122,10881.0102073682,5464.76682302911,715.016532669793,236.862381199039,50.4560331987379,152454125.907875,51101837.0126228,29364577.6019828,7355554.03832471,3324175.05425313,899631.071933497,622587.507831873,0,0,0,0,45550691.3989308,2852981.780335,772542.485946437,278115.294937413,30901.6994383975,3563618.07092551,4744.78965021774,0,0,0,0,0,0,0,0,45966801.5784611,232443.373761748,0,0,0,1209318.82134857,0,0,0,0,245257,5662,3133,1651,169,88877,2240,1294,741,67
"18",22,416319,432156,63.73,1239.5,0.083874032091205,0.00703485325923649,1495.47399218619,125.431433612187,17830,16879,0.104855258381832,0.0109946252103207,1769.85190622694,185.578278925003,745.5,197942151.875396,50928142.8912732,20221279.5687173,6486325.85539706,2989924.55720982,773053.153019542,8108188.84036473,2035860.12778028,892439.054307963,286483.555020944,132056.920279633,34143.6770884572,13698.1461039626,3743.01693211464,1198.46176458129,384.283776017362,177.138726062552,45.7997009905529,9861214.72601,2469093.55245712,1031744.84915274,298372.425674808,134952.682903424,34143.6770884572,50740.3634838154,13077.8910864535,4339.63044322986,611.726549457815,228.961351841354,45.7997009905529,258506795.550531,65601164.9443418,24990013.3073342,6879168.89328792,3084420.6668683,773053.153019542,622587.507831873,4641.41910509034,0,0,0,49301221.2333273,3076773.98886802,772542.485946437,278115.294937413,30901.6994383975,3594887.1092738,0,0,0,0,0,0,0,0,0,34826803.6799865,8754.53577433595,0,0,0,801351.441384323,0,0,0,0,262980,12157,2846,1086,56,95157,4092,1337,591,36
"19",23,416767,432910,51.46,745.5,0.104855258381832,0.0109946252103207,1769.85190622694,185.578278925003,16879,1901.43914401,0.0959868546744415,0.00921347627029235,182.513162788382,17.5188644327411,58.8009,287217925.991231,106913710.487238,57508230.7737857,0,0,0,11525351.1579925,4523615.82766979,2418330.66135279,0,0,0,19173.0904894224,6283.77546573816,3232.39969372063,0,0,0,13442350.5237981,4935709.36360949,2536193.86400541,22244.4193123739,7043.79175409639,2981.9161582935,56331.9633198104,14794.2151911027,6059.00955203625,477.10340354581,162.155674585828,67.8414844628424,353013576.291219,121255171.620695,61592827.6625049,752155.099958489,241855.557813229,102119.336756919,622587.507831873,529297.943398219,170454.725937545,29022.1780882063,0,50899363.5328614,2560872.00034882,602087.76000912,249093.116849537,30901.6994383975,3517720.05387821,0,0,0,0,0,0,0,0,0,50557736.9589837,0,0,0,0,984397.03083637,0,0,0,0,268762,6166,227,55,NA,97831,2549,155,44,NA
"20",26,417754,433738,36.83,288,0.00867198898403525,0.0000752033929392288,47.6916034177019,0.413581059469289,5499.5,1896.86134622,0.0951313745314203,0.00904997842023737,180.451027161429,17.1665542494734,58.6294,149725370.862743,8871517.13973919,4257023.7213342,0,0,0,5886798.65729962,304522.216041409,146182.290609712,0,0,0,9289.05063273603,910.953669103372,438.604686463528,0,0,0,7405021.43828508,654824.569759483,270866.727480044,24552.8471866901,8765.47423736937,2644.13536741401,44994.813939222,8695.3543909211,3374.8003959893,564.383687540118,150.875622287916,45.0991374193495,202083952.785896,20806445.0663554,8560063.75116045,842763.570705883,284048.165306471,85546.8105186281,622587.507831873,219874.092204612,0,0,0,49609108.0005641,2476491.54119052,534513.414283783,180656.37663724,22226.3150056253,2794618.98565574,0,0,0,0,0,0,0,0,0,40229500.8334758,393804.310352322,0,0,0,2606918.4800567,0,0,0,0,261090,21695,5865,1925,425,95809,6639,1660,587,102
"21",27,417234,434674,31.14,288,0.00867198898403525,0.0000752033929392288,47.6916034177019,0.413581059469289,5499.5,1594.58979824,0.355412591037691,0.126318109868125,566.737291834747,201.425569328671,47.3017,119149302.702452,25114700.0859742,2929869.75470414,0,0,0,4207055.70406605,692290.645865588,113341.992777984,0,0,0,9826.34813972171,2248.66638389005,207.586067358944,0,0,0,5573264.80879812,964855.149278261,208336.202253756,11396.5480850871,6170.58188289701,2902.59381883726,42178.7867611041,8066.08888898866,2500.05747195718,260.493600337848,138.936167753023,63.8237542709976,166531387.428131,34350261.3474591,6226688.3823953,390691.0264813,210836.877957396,98667.2432086946,622587.507831873,0,0,0,0,49981306.5329059,2602990.27218103,538541.612671427,155932.4269702,25427.9985656615,2654443.05941159,55158.1075398159,0,0,0,0,0,0,0,0,34255511.9381483,525399.664641151,234000.873275064,122182.867967283,5473.70087270138,4535613.76398416,0,0,0,0,261930,14756,2462,1223,251,96175,5615,949,470,104
"22",28,417831,434709,57.7,332.829,0.00587446465875691,0.0000345093350269839,56.9276161044325,0.334419268912769,9690.69003072,19133,0.140946331976613,0.0198658684976615,2696.72616970853,380.093661965758,652,94482558.7207494,40590273.7281254,23998630.5084689,7943097.30891415,3372392.9669436,1599822.74665603,3332612.94657288,1581139.13554647,986370.674304795,349383.447929383,153985.682793483,72810.8804650955,7638.8574902706,3064.46584160306,1542.44956825188,456.045029427409,196.557331841907,93.1207377528403,4752880.4747542,2020106.61988628,1153699.64976802,355806.532210032,154604.753192206,72810.8804650955,40578.2512750733,12771.582418408,5316.95925518104,686.184072166587,240.544144313338,93.1207377528403,143296981.130883,55530234.4638007,29718246.6454531,8190985.5259914,3403532.54832863,1599822.74665603,622587.507831873,0,0,0,0,48711838.6897259,2511221.32766828,743959.524308197,278115.294937413,30901.6994383975,2566735.48317178,0,0,0,0,0,0,0,0,0,33690335.6878169,471343.030828029,28582.9616385263,0,0,5295982.21929649,0,0,0,0,252274,15860,4551,1647,109,92391,5865,1855,784,56
"23",30,416532,437152,25.64,546,0.00378000804956918,0.0000142884608548078,53.3510336116195,0.201667336504758,14114,1123.19782982,0.174156988122373,0.0303306565118564,195.612751107037,34.0673275711329,29.6362,44382388.1540939,5082206.20057909,174163.021847839,0,0,0,1288803.63108582,152001.497340476,5116.71777684275,0,0,0,4033.58652834217,770.432153601576,31.4568007823991,0,0,0,2490889.18993505,436025.673377701,166121.071248838,14851.2119822363,5988.46972741032,1432.35094755825,38398.3276721424,8801.40756410859,3683.4347040901,401.06477860895,162.452892067458,48.3311270526669,88769016.7726602,15663172.202247,6026224.92045297,529598.77966918,213793.630820782,54285.4170183101,622587.507831873,0,0,0,0,37331409.7288028,2268507.91698446,584619.245964659,252268.907498019,30901.6994383975,1965280.61161964,0,0,0,0,0,0,0,0,0,33290096.8843769,705483.308235752,187923.239982185,25846.3874393922,0,8672589.13925728,0,0,0,0,197175,11845,3142,1484,167,71905,4692,1226,583,59
"24",31,413545,440546,25.89,652,0.140946331976613,0.0198658684976615,2696.72616970853,380.093661965758,19133,450.433756964,0.206433343079521,0.0426147251349871,92.9845462859469,19.1951107445404,15.2899,649951.086347092,0,0,0,0,0,19441.9535889831,0,0,0,0,0,98.3715194092228,0,0,0,0,0,158471.096778009,40165.8839173811,23041.4253132847,7156.76914137649,1505.78939804393,741.147738684929,5533.40485943962,1712.2334265926,943.690435245533,317.331475660867,98.482619117452,48.4730272065173,5044576.90343614,1158538.96660527,663561.318527405,206759.826128357,44359.8961247285,21833.8877560498,0,0,0,0,0,17831605.1539215,29080.448065612,0,0,0,861542.277042734,0,0,0,0,0,0,0,0,0,18127565.7291325,0,0,0,0,17424282.1980637,102388.322316992,0,0,0,80481,206,17,NA,NA,33655,78,6,NA,NA
"25",24,417829,432923,53.01,148.254,0.0100573281571707,0.000101149849661018,51.2494987353213,0.515433026671629,5095.73695264,19138,0.16239538108833,0.026372259798824,3107.92280326846,504.712308029893,920,169142376.23724,19020903.3240638,11456378.3366945,3796646.68824941,1878576.04940057,920195.380532226,7745871.4864115,914370.940439896,550729.860474396,182512.015528763,90306.7178100389,44235.5392459843,9948.79151451305,993.881456999887,598.619413559126,198.382625574742,98.159475880477,48.0821078760699,8836459.77951306,1215705.13274272,621515.175512502,197896.903030575,94330.8163326051,44669.1468899891,36038.2431504467,8279.75379599432,2649.03451547619,628.602591996646,225.888679599634,64.2442499186952,206932527.830799,29483449.6892767,14026744.4130237,4350176.67498609,2028410.51924368,937137.819117138,622587.507831873,211752.96383857,22622.9962836011,0,0,48740062.1944548,2712072.54736368,749919.489662866,278115.294937413,30901.6994383975,3227961.33254312,0,0,0,0,0,0,0,0,0,49768045.8744876,0,0,0,0,1567678.78814829,0,0,0,0,259405,13511,4339,1281,123,95062,4042,1168,311,32
"26",25,418115,433131,43.1,198.286,0.00108141053875002,0.0000011694487533196,7.16644498182333,0.00774986912871591,6626.94205857,2107.30152151,0.0709539011170762,0.00503445608373183,149.521263781085,10.6091169652234,66.5157,99831478.637427,28665957.4016069,8641894.30317545,0,0,0,4290558.66927025,1292447.19469485,415432.268728259,0,0,0,6604.96405505952,1760.56683332536,451.556813835064,0,0,0,5438736.94466926,1670478.04630834,606151.873599926,29274.0199785678,12053.2095317247,3386.93562204678,35377.9425408161,11748.8859712375,5363.31360474319,691.504674781479,256.88544080423,63.4112335250826,139941514.653179,42073328.514806,15363666.5516944,1010996.78013982,407014.186281744,111454.414523766,622587.507831873,120372.752243609,0,0,0,48395315.6593872,2663823.90481057,762576.818581028,278115.294937413,30901.6994383975,2874072.023232,0,0,0,0,0,0,0,0,0,49534088.8646744,0,0,0,0,1860943.53882903,0,0,0,0,254903,17118,7562,3449,408,93244,4894,2056,972,101
"27",32,414916,437755,51.88,920,0.16239538108833,0.026372259798824,3107.92280326846,504.712308029893,19138,13100.5,0.111992317555749,0.0125422791915077,1467.15535613909,164.310128548347,636,158824660.515704,60615071.8754119,33301936.8151142,6892989.32695225,3136018.42066763,915951.855317093,6365764.60639277,2342118.96916043,1322243.00282854,334639.228421941,152246.686427588,44467.4157460915,9453.09828399002,3792.32515691429,2346.45730657928,526.162308839529,239.381582433314,69.9173203554897,7804874.90572368,2726624.43895869,1464128.00606208,349096.835716961,157802.612451875,46418.205169768,42879.2174618596,11565.6847659075,4747.05297413331,775.257212187553,327.052746650643,90.5903901521337,209155205.234105,73929355.8551996,38333789.6565018,7451872.70260703,3355020.81288719,987200.952946062,457406.069423656,0,0,0,0,35367256.6000134,2597927.96223555,657496.981796033,225218.102268474,24259.3529936213,1965280.61161964,265066.956043676,111389.318445415,52897.1926687441,6642.3464447383,0,0,0,0,0,32887175.9040523,227175.025466966,3656.18570571796,0,0,7394624.99605182,0,0,0,0,179797,9543,619,57,NA,68990,4358,327,22,NA
"28",33,415462,437586,34.24,920,0.00490291997261376,0.0000240386242578549,93.8320824358821,0.460051191046827,19138,894.652485602,0.160707064297973,0.0258267605152728,143.776974527982,23.1059754900364,21.0714,144211046.232649,33024701.3832702,19184510.3729024,5196718.16062023,1328878.69652778,0,5376125.70697923,967067.588185483,559161.504664741,147943.402999452,37549.8878704716,0,9458.15124118716,2148.32190622217,1142.79420587537,280.937338596526,53.7964009605611,0,6620467.06309101,1249831.92757917,693210.513153745,164050.503050308,40300.2562782848,983.309569777011,41226.7096561328,9376.58804011644,4306.5534643395,716.583387751553,156.824194788652,46.6656021800645,188808863.344753,43323273.061151,24055781.7145634,5808506.13061714,1440753.31247822,41749.4969825088,616081.075106644,0,0,0,0,35837383.1910883,2460747.22492424,580611.564597489,265406.485327215,30901.6994383975,1965280.61161964,319018.866428189,139908.788157721,12545.6198451594,0,0,0,0,0,0,32728147.036258,292728.832047674,52022.1331907231,163.18976489852,0,7931951.28582621,17675.0203448616,0,0,0,184759,8554,2059,941,208,69725,3809,966,437,137
"29",34,418258,430332,32.44,636,0.111992317555749,0.0125422791915077,1467.15535613909,164.310128548347,13100.5,2285.40084661,0.190258530989976,0.0361983086144635,434.817007799265,82.727645153345,73.19,149091830.357621,22353488.9670442,1593803.44403155,0,0,0,7924699.79829407,1230521.12193632,47108.3903949923,0,0,0,10348.8173504401,1713.62509330327,272.293419090536,0,0,0,8972478.56305923,1532572.87031202,192706.493720688,25589.2589744377,8598.69762436648,3540.10064947843,36789.8676826811,9489.76113940354,3941.27699277846,590.184558723261,201.820305286151,79.3439692858918,187063421.72981,33338970.5037609,6872243.99959971,878995.003340019,296530.533869737,120837.16315053,622587.507831873,0,0,0,0,39313458.1643843,1882003.84215413,606521.903875396,268407.143239417,30901.6994383975,3344552.41689438,698495.986743716,166020.582071117,9708.1516981082,0,0,0,0,0,0,38966894.9451426,319453.360659066,0,0,0,1083386.98902027,0,0,0,0,194099,7665,1613,896,71,72099,3126,635,344,26
"30",35,418582,430548,47.11,698,0.0236314452717707,0.000558445205632694,583.74396110328,13.7947134695388,24702,26228,0.12331228866913,0.0152059205368189,3234.23470721395,398.820883839686,1657,141499103.529035,29926969.1645758,17314283.9361495,5683006.99323598,2562277.58924783,1235554.91403158,7532256.32960105,1736535.53974751,1036348.11595738,342859.714621061,161876.390322695,78058.3533838011,9737.07747557009,1987.51631176886,889.720449026093,280.340617427248,97.6924504059719,47.1082398212439,8744142.59980978,2007184.59560242,1129186.85963198,343048.329328374,161876.390322695,78058.3533838011,41058.2433692312,8636.06122739137,3064.80187650786,286.838411150882,97.6924504059719,47.1082398212439,186444203.328036,39995348.0792515,20739584.3383543,5690199.75469723,2562277.58924783,1235554.91403158,622587.507831873,0,0,0,0,39153334.5435416,2193286.84925694,478149.195719005,185791.984223816,30901.6994383975,3267817.70854265,826938.044697564,294393.290227048,92323.3107132899,0,0,0,0,0,0,41195465.4713931,7495.05191606985,0,0,0,837635.187587578,0,0,0,0,191151,9456,2159,510,10,71321,3863,826,234,9
"31",37,420942,431105,22.6,172.699,0.00679220255088374,0.0000461340154922316,39.6927011752755,0.269600866174172,5843.86299995,173.416871789,0.0838796110378503,0.00703578914786106,14.5461397530621,1.22012454458906,5.28608,0,0,0,0,0,0,0,0,0,0,0,0,0,0,0,0,0,0,52687.7361292406,24894.3956374835,14081.6258587379,1047.94761435358,471.131412720091,208.289885646255,2329.74127436833,1251.2716281535,836.534835973555,198.246642947814,89.1268033628116,39.4034682877018,1521980.74132427,723188.912871534,412556.213127935,34379.3126626808,15456.0914317321,6833.22620809031,314327.853082847,0,0,0,0,29688630.5214705,2950.35690590805,0,0,0,2372834.0831552,0,0,0,0,0,0,0,0,0,17676908.1978921,0,0,0,0,1167280.08824157,547320.548971417,103300.002704918,8146.8552082523,0,132092,37,9,9,NA,51451,13,4,4,NA
"32",38,419170,431521,31.86,1657,0.12331228866913,0.0152059205368189,3234.23470721395,398.820883839686,26228,1727.84637276,0.169122929005851,0.028602565115518,292.218439433306,49.4208383864795,52.2955,31531394.5919328,6381600.19069171,1497623.5666774,0,0,0,1384208.461456,192087.693966014,45544.4911097228,0,0,0,2723.78418445748,900.377896625987,185.782383507337,0,0,0,2468270.56313816,563575.59007162,248951.975743226,33528.4623558223,10570.2040752871,2532.70024213582,36228.1502926954,11218.2894282087,5143.41626206756,688.165625071735,192.024444840747,48.4305579282313,73648467.7783898,20521944.0948283,9039808.51219194,1217969.09717797,375072.208912826,83680.5638470375,622587.507831873,0,0,0,0,39351836.9195397,2016656.05676195,695878.413347327,278115.294937413,30901.6994383975,2946241.53272771,306517.365469492,12594.6518027647,0,0,0,0,0,0,0,36147274.27524,0,0,0,0,1377117.92948604,0,0,0,0,195643,10316,3491,1730,92,73232,4228,1378,646,41
"33",40,417168,431837,48.72,147.655,0.00093480620819351,0.000000873862646877128,4.74639340061232,0.00443695801742111,5077.4089421,1800.57206247,0.103403363643944,0.0106922556128816,186.185207742711,19.2521767413427,55.0209,121051967.709306,28513056.8783918,2159812.17031723,0,0,0,6231981.70378563,1796390.96416567,63970.5852735092,0,0,0,6986.74222046495,2102.9864177291,361.721973014707,0,0,0,7541141.31763213,2243268.91074362,246458.886986898,20139.232680222,5545.73654448796,2489.43230186304,34063.0921903517,11463.2837998343,4246.15426719434,432.022817345874,105.927949557704,45.2452123077419,165614326.230769,43841301.6294329,8453530.29021549,680995.745465542,183192.177643841,81467.2652418439,622587.507831873,0,0,0,0,46202879.450067,2747175.76112932,722369.082622919,273289.468438324,30901.6994383975,3591660.82870363,0,0,0,0,0,0,0,0,0,43602684.2741424,342994.182618796,50173.4033236697,4825.82649882372,0,1188047.90325443,0,0,0,0,247687,7091,3095,1852,431,89246,2781,1224,689,145
"34",41,416895,433444,44.06,240.878,0.00443358926257099,0.0000196567137491848,35.1602987181993,0.155886322865797,7930.4366363,1009.52258975,0.131212268482443,0.0172166594003088,132.461749085369,17.3806065846434,25.3762,275910220.085645,84266122.0950568,34908005.1547642,11361685.795408,4112191.81500016,482294.622979729,10878659.3266286,3336387.34130639,1338283.24208446,420617.851458999,145556.30231377,17071.4366218689,18202.1572917073,5336.2522346424,1704.40004871371,599.745847801521,164.563371751012,19.3006632242723,12687502.9194427,3920273.31081673,1623104.73659822,455496.778297179,151169.713719107,18589.333885094,53526.2007749035,16281.3877853798,7327.02126507393,1295.39387742042,329.65587950373,79.116445856234,336735163.52212,104187071.73387,44693619.9619085,12583403.1961486,4316854.72772635,542680.00677027,622587.507831873,514027.752612929,274063.677460399,127022.942629218,13033.0590019026,51403669.6793891,2440479.43389433,498478.808485848,151092.35230806,17868.6404365386,3203008.71355464,32320.8424535955,0,0,0,0,0,0,0,0,52834026.7731982,103341.914784452,0,0,0,1214696.56333829,0,0,0,0,272308,9099,1601,852,132,99656,3160,818,441,60
"35",42,416348,433103,49.03,184.539,0.00757392231181509,0.0000573642991854104,47.0055271801228,0.356016211088163,6206.23307778,1081.15330803,0.0166136343802416,0.000276012847320345,17.9618857685991,0.29841220293917,28.0606,291770665.481391,53783617.1650567,21587357.6525541,0,0,0,11235243.9824041,2271065.26502943,1030648.05653513,0,0,0,20776.2912867472,4477.28759104058,1663.36991404846,0,0,0,13399316.3784443,2898966.48393186,1208211.89169193,10492.8597016175,0,0,61200.3954496508,16035.7802334739,4894.06934552308,185.095117427849,0,0,365394121.243504,75876888.0474527,27540774.0033666,341516.001365744,0,0,622587.507831873,575371.527461676,261381.828162535,98908.3490076011,1553.30289890186,52329137.099656,2509541.05240076,511160.657784114,179206.945929258,29348.3965394269,3577663.13992744,5257.36388439764,0,0,0,0,0,0,0,0,49460886.0290609,0,0,0,0,930653.867273544,0,0,0,0,275039,6872,232,63,0,100297,2426,174,34,0
"36",43,406059,441297,39.96,884.5,0.0438438776541518,0.00192228560775223,1095.59273676077,48.0350339093167,24988.5,19842,0.053609369398764,0.00287396448733313,1063.71710761028,57.025203357664,1018,117124570.443586,43317885.7429135,19357523.1921395,5041615.25813023,2290357.03595919,645657.039529611,4777317.79899274,1863393.90208593,937310.162831014,256983.484929533,116855.251942067,33125.6358351549,8132.9765586203,3636.30891934157,1441.90926762922,301.177211783308,133.731336833467,32.5399173233349,6690628.24196512,2393366.36082494,1175789.80721575,293186.097773251,118750.954630806,33125.6358351549,50097.9040193427,15494.3001088189,6291.32748185878,1033.23778858709,197.628428038228,32.5399173233349,184981409.735259,61657347.2917969,27430679.7673131,6289045.57825722,2362180.36670476,645657.039529611,355763.93365576,355763.93365576,334004.098267788,194462.451012454,28615.3454779858,12508523.2370804,2114346.78161348,438538.387679131,83652.8439247982,2286.35396054697,1167257.48227644,339017.827499581,0,0,0,0,0,0,0,0,2603192.33885835,0,0,0,0,7874332.32949213,157999.215808573,0,0,0,65052,14144,3675,864,7,25819,4839,1309,358,4
"37",44,410877,438946,32.57,767,0.00532357240325592,0.000028340423132708,63.2706580126966,0.336825928932234,11885,4588.23143778,0.0711577712685855,0.00506342841191233,326.488323176882,23.2321814224846,131.671,103903371.508634,56927537.047185,24949075.8798153,2328488.20186996,1025217.9393069,357927.176193623,4111588.48608648,2190413.95134933,934959.174774243,78166.2290570862,34690.5089278788,12025.4220340757,8155.28588730105,4272.62984089313,1940.65149656421,229.347122289499,92.1227722843843,29.9093508231015,5090698.94330878,2593738.61264119,1117508.74412511,98171.7270440344,45662.1236007162,17558.6692004502,35142.3106287252,13967.6044953296,5635.04591232527,529.202044813448,217.447735173956,74.8154937976475,138946163.139999,71530765.4030564,31512230.9278387,3028623.389996,1412001.53709734,551021.634095167,0,0,0,0,0,19014880.8058334,1598326.46747307,529149.751934399,249788.629134664,30901.6994383975,1321945.48984058,0,0,0,0,0,0,0,0,0,9567678.10457313,457109.067376069,0,0,0,10342361.570778,191900.486845529,0,0,0,88768,6987,2230,792,52,36648,3237,1113,435,36
"38",45,418082,435920,26.49,1018,0.053609369398764,0.00287396448733313,1063.71710761028,57.025203357664,19842,1455.87309055,0.185966976838259,0.0345837164743616,270.744317309757,50.3495021862337,42.1033,87029651.7545288,14714217.362873,6318572.73292316,343016.529743577,0,0,3055017.89889822,399412.857025441,170445.938132909,10153.0602543109,0,0,8551.42281595602,1924.93397806567,795.740290465415,57.8117212363436,0,0,4611993.14597011,947691.471228312,329661.785983848,31308.7518913533,7188.54677353747,3524.00419751307,46825.8095495471,13872.0434833751,4508.91032679698,582.175939787903,166.319125932305,81.024591785158,142276182.867569,33960014.329984,11963264.64434,1081827.85918068,247101.987629484,120966.294690595,622587.507831873,0,0,0,0,44276311.1996508,2850077.68829682,772542.485946437,278115.294937413,30901.6994383975,2204532.05142399,0,0,0,0,0,0,0,0,0,30790674.3603208,31827.0855274496,0,0,0,7398828.70720826,0,0,0,0,222656,15474,4891,1621,128,82571,6504,2154,749,68
"39",50,412939,433310,42.38,402.158,0.0503542621270124,0.00253555171435588,602.751022682319,30.3510829934703,11970.2086223,8632.81762778,0.108176602028699,0.0117021772264756,933.868876906698,101.022761844124,300.655,38363481.4449909,11009928.7483179,4996392.08575457,1596077.59118926,772139.348077109,386219.954909834,1227002.37326301,369801.310227594,174698.950468998,56037.5354579467,27178.1436400309,13499.7395632801,5553.58180671796,1490.35517910959,596.871380150864,196.72262260206,96.9719244510005,46.0211463985981,2133620.85522527,657591.123340057,275764.704257133,68697.6078322506,29895.3404394154,13750.5120832075,30814.2533637786,9423.13251956758,3611.07618395555,598.65041560143,211.96312768689,54.2064829849063,71618109.1049752,21428556.8028076,8695110.90865856,2067493.97107188,882866.146134275,395632.262966078,622587.507831873,0,0,0,0,41882383.7994797,2346864.11029008,672575.62582386,277304.336939648,30901.6994383975,1663635.73672825,82746.0327545107,0,0,0,0,0,0,0,0,25055212.7498708,0,0,0,0,1159868.51690543,0,0,0,0,226093,9530,2692,1001,75,82650,3724,1104,426,31
"40",51,415319,433595,47.86,175.448,0.01054445216578,0.000111185471476423,62.5073125300604,0.659105366984683,5927.98104134,2025.08483607,0.11595450444884,0.013445447101976,234.817708633357,27.228171040393,63.4346,128852154.382943,19898625.1535881,11761724.2750879,666046.338503305,225742.961620154,0,4309891.83204586,685533.051544736,404564.90617516,19536.2401871958,6637.17991679936,0,12295.8816301842,2718.57180604373,1592.6672761131,122.022519277391,40.4940661773549,0,5996846.20240389,1154119.15600974,580382.11642124,54144.0256899835,18708.9051344099,2926.4569866423,50078.0451194152,12318.6694561101,5153.35350007464,859.921292218127,243.494135408835,46.1334506190991,187398943.127488,35896082.5409983,17790386.0717613,1878338.18999607,639843.23670383,93424.1512843217,622587.507831873,259102.99451561,47133.4460555778,898.828683886388,0,53875904.1138209,2428917.06493133,635186.400480065,260700.114467284,30901.6994383975,2844555.67383552,402149.884302477,90222.6394109644,16516.3517861811,0,0,0,0,0,0,43155111.4094048,0,0,0,0,830913.710690372,0,0,0,0,281756,13030,2794,918,479,103470,3511,864,305,96
"41",52,415486,431597,42.23,300.655,0.108176602028699,0.0117021772264756,933.868876906698,101.022761844124,8632.81762778,568.585745792,0.144566916400248,0.0208995933174763,82.1986879782847,11.8832108531667,8.85204,133492779.13806,23042214.4058468,3794239.47291785,1085854.95210407,0,0,5292112.19201732,925107.178791595,113192.030781152,32379.1849482046,0,0,9757.2664352328,2007.05163987651,590.96728838956,169.932162409892,0,0,7129807.15047356,1478349.79095622,313857.153691415,53517.3786398495,5214.22466388222,422.656722814619,54121.2193702813,14832.934513853,5788.27643756027,867.444936605722,205.283745523807,47.7468157413002,197504958.24088,42068130.7824463,10876311.5304604,1881749.50503157,207369.328449055,27148.1588374604,622587.507831873,0,0,0,0,47039182.5765977,2812382.27264917,669997.867580836,259521.470022097,30901.6994383975,3622757.80531628,0,0,0,0,0,0,0,0,0,28517722.7197176,277787.671097882,102544.618365722,18593.8249150285,0,694219.471051577,0,0,0,0,249735,22512,5403,2343,290,89837,7394,1843,840,82
"42",54,415393,428743,42.8,163.905,0.0322861318830441,0.00104239431196932,179.986050267608,5.81105335604819,5574.71706179,28394,0.117017039573906,0.013692987550641,3322.58182166148,388.7986885129,1226,98651492.1700995,32004199.3411175,18462996.5211264,5609567.75785092,2795382.82456615,1319554.70376776,3900948.88227695,1309088.88491406,769629.576543359,242210.680817258,120699.420402835,56975.9127568947,8303.04826271761,2444.13231025334,1078.66784249144,197.561729867258,98.4497719435849,46.4730120366189,5109659.60227459,1643039.18854787,885364.765129185,260895.186181598,127726.257459301,60038.3480951475,38461.2084348973,9692.35416451857,3620.07256133717,507.023793686293,204.773485617448,91.5652850519826,141007802.917017,43379941.9761987,22396013.0480628,6211008.95171542,3018228.72924643,1416261.33756299,579126.834907765,0,0,0,0,34055153.0510352,2070604.57201852,524291.784868341,224568.043855154,30901.6994383975,3198905.89403842,482331.55321001,134240.815071137,47017.8911280728,0,0,0,0,0,0,13400347.880155,251460.21703526,66700.949501871,6529.35995429348,0,1126425.78818205,0,0,0,0,161997,9310,1709,659,3,62283,3812,798,361,0
"43",47,417896,439486,20.95,189.397,0.0172374160989317,0.000297128513767708,109.542168030381,1.88822393071877,6354.90652437,294.153979624,0.0765989050054668,0.00586739224803653,22.5318727421988,1.72591677977495,9.6462,25643730.4908566,0,0,0,0,0,723407.075587286,0,0,0,0,0,1748.79245263814,0,0,0,0,0,902343.700610114,5771.60328400173,3624.27977014384,1531.19004622131,904.506987767027,398.069991828137,7671.46461256528,598.329216064536,375.720985480691,158.73505071648,93.7682183416295,41.267026583332,31689260.5588772,176000.920030691,110519.823107396,46692.5468740702,27582.2945874425,12138.8600967365,0,0,0,0,0,29292918.4055096,219646.101708555,0,0,0,1053352.07666514,0,0,0,0,0,0,0,0,0,30879803.159245,0,0,0,0,8373578.22890359,1975416.18557365,566792.910198261,180663.037556181,27038.5645927664,131812,1099,NA,NA,NA,54953,498,NA,NA,NA
"44",48,418850,437371,40.73,1226,0.117017039573906,0.013692987550641,3322.58182166148,388.7986885129,28394,16319,0.117103548510155,0.0137132410736703,1911.01280813723,223.786381081226,489,78151232.6881344,32653593.5628757,15687475.1329504,3232480.81223738,1603753.92355448,756897.983685569,2622447.59725608,1088242.32875649,512276.14312621,96861.518302842,48056.6008099846,22680.5021154632,5051.51116677046,1974.33506439366,912.541471129266,198.080814525239,98.2752572801321,46.3813949191476,3873795.8582697,1464102.27437383,575194.049524821,105453.514339038,49105.4106264376,22680.5021154632,34575.2989497742,10478.3622482082,3140.17213021526,634.672022912635,171.144790361573,46.3813949191476,122100265.604771,45826728.4199143,18106806.5217332,3606864.49079551,1655960.73339438,756897.983685569,493693.780675519,0,0,0,0,41187491.2073354,2176436.24494804,761115.08905169,278115.294937413,30901.6994383975,1171119.84916477,0,0,0,0,0,0,0,0,0,35314188.758216,0,0,0,0,7711440.16657004,293650.615101919,0,0,0,196203,9146,3015,918,279,76540,3991,1299,460,156
"45",49,419180,432534,37.92,201.837,0.00123081730860849,0.00000151491124717025,8.29031748972823,0.0102038662602172,6735.61984524,1666.8014974,0.0883969048294755,0.00781401278343135,147.340093335295,13.0244082081261,50.0078,56097814.2040789,1203778.91436094,0,0,0,0,2563390.48939467,52310.6228895874,0,0,0,0,4018.71891861784,91.8099075092774,0,0,0,0,3520596.7749878,409909.721093814,148614.670433043,26335.8624709909,4543.27286957869,1871.65023055683,30422.5699055392,8898.72217544177,3357.07317840213,517.624741250928,94.3612064314462,37.4271659732449,90950016.1082425,14183194.3353917,5385818.4516606,951993.34223169,152597.659938507,62383.6562876429,622587.507831873,0,0,0,0,42923280.6779799,2148807.97183975,621208.768824609,251938.473244974,30901.6994383975,2521407.74537573,0,0,0,0,0,0,0,0,0,40446463.6325746,0,0,0,0,1820387.29163756,0,0,0,0,213006,8692,2785,853,213,79444,3390,1238,396,115
"46",46,415694,439269,31.37,489,0.117103548510155,0.0137132410736703,1911.01280813723,223.786381081226,16319,4700.59580282,0.150757859892218,0.0227279323192817,708.651763451486,106.834823266792,135.343,62955131.7064951,15079295.6179036,4327635.98235881,0,0,0,2162414.1314874,498456.864668912,141325.698731901,0,0,0,5146.28786509341,1217.08037937407,321.84392765068,0,0,0,3417465.33057668,974558.641075975,314962.929552856,30693.9461815551,13350.1796397433,6524.60003940456,38991.3164422897,11482.0142775609,3880.79992764014,322.776443788624,98.63960189846,48.2078869199335,108477807.429143,31714276.6255801,10581389.515876,1077597.34939141,463664.898675737,226605.790918661,0,0,0,0,0,30334813.7189525,2576856.6202378,754229.894785095,278115.294937413,30901.6994383975,1311844.00982546,60412.2693367486,0,0,0,0,0,0,0,0,25279457.5194922,119896.437146504,18312.5911613508,0,0,11509529.9744624,78408.4699944726,0,0,0,145590,10056,3240,1211,78,58379,4285,1333,493,21
"47",39,417018,430678,29.49,265.623,0.00232752536928132,0.00000541737434464814,20.2209290229829,0.0470647252914296,8687.73732388,606.739166734,4.08335432242898,16.6737825224995,2477.53099907024,10116.6369140053,10.2818,169006532.839444,29739252.2873918,0,0,0,0,10726167.8755831,1845341.60852743,0,0,0,0,9811.95822265713,1424.48485801766,0,0,0,0,11884428.5219508,2114414.07019946,106716.37439963,15193.8856301223,6306.68431816625,2898.31920259451,35761.1246424461,7552.25611332046,2609.91436932694,485.328777047603,213.143961461081,98.3100093249345,209400554.009079,38955991.0532229,3715125.9862061,566749.790040481,239133.375632852,110015.511454994,622587.507831873,0,0,0,0,42603455.8146669,2068798.4874232,497178.042738644,214914.577138237,30901.6994383975,3677474.17566448,30475.1537668087,0,0,0,0,0,0,0,0,30674577.0406202,941306.051082171,275364.443206897,63200.7177992712,0,1504274.26265852,0,0,0,0,224365,8913,2087,1135,25,81069,3236,695,382,8
